Nickname,% Rostered
Cleveland Browns,99.99
Baltimore Ravens,96.865
San Francisco 49ers,93.74
New Orleans Saints,90.615
Dallas Cowboys,87.49
Detroit Lions,84.365
Atlanta Falcons,81.24
New England Patriots,78.115
Kansas City Chiefs,74.99
Philadelphia Eagles,71.865
Tampa Bay Buccaneers,68.74
Buffalo Bills,65.615
Carolina Panthers,62.49
Las Vegas Raiders,59.365
Los Angeles Rams,56.24
Tennessee Titans,53.115
Green Bay Packers,49.99
Houston Texans,46.865
Minnesota Vikings,43.74
Jacksonville Jaguars,40.615
Cincinnati Bengals,37.49
New York Jets,34.365
Miami Dolphins,31.24
Seattle Seahawks,28.115
Washington Commanders,24.99
Arizona Cardinals,21.865
New York Giants,18.74
Indianapolis Colts,15.615
Chicago Bears,12.49
Pittsburgh Steelers,9.365
Los Angeles Chargers,6.24
Denver Broncos,3.115
Christian McCaffrey,99.9
Ja'Marr Chase,99.9
Tyreek Hill,99.9
Travis Kelce,99.9
Stefon Diggs,99.9
Patrick Mahomes,99.9
Justin Jefferson,99.9
Josh Allen,99.9
Jalen Hurts,99.9
Davante Adams,99.9
A.J. Brown,99.9
Bijan Robinson,99.9
CeeDee Lamb,99.9
Derrick Henry,99.9
Austin Ekeler,99.9
Saquon Barkley,99.8
Cooper Kupp,99.8
Amon-Ra St. Brown,99.8
Tony Pollard,99.8
T.J. Hockenson,99.7
Mark Andrews,99.7
Josh Jacobs,99.6
Lamar Jackson,99.4
Keenan Allen,99.4
Deebo Samuel,99.4
Travis Etienne Jr.,99.3
DeVonta Smith,99.3
Jaylen Waddle,99
Garrett Wilson,98.9
Joe Mixon,98.8
Chris Olave,98.8
George Kittle,98.8
DK Metcalf,98.8
Justin Herbert,98.3
Kenneth Walker III,97.8
Calvin Ridley,97.5
Roquan Smith,97.4
Alvin Kamara,97.4
Foyesade Oluokun,97
Kyren Williams,97
Joe Burrow,96.8
Puka Nacua,96.8
Aaron Jones,96.8
Jonathan Taylor,96.2
DJ Moore,96.2
Tua Tagovailoa,96.1
Tee Higgins,96
Brandon Aiyuk,95.9
Mike Evans,95.8
Darren Waller,95.7
Amari Cooper,95.7
David Montgomery,95.6
Harrison Butker,95.6
Zaire Franklin,95.3
Jahmyr Gibbs,95.3
D'Andre Swift,95.1
Rhamondre Stevenson,95
James Cook,94.8
DeAndre Hopkins,94.7
Justin Tucker,94.6
Isiah Pacheco,94.5
Raheem Mostert,94.3
Justin Fields,94.3
Breece Hall,94.2
Jake Elliott,94.1
Alexander Mattison,93.3
Evan Engram,93.2
Dameon Pierce,93.2
De'Von Achane,93.2
James Conner,93
Chris Godwin,92.9
Kirk Cousins,92.9
Michael Pittman Jr.,92.6
Dallas Goedert,92.2
Terry McLaurin,92.1
Rachaad White,92.1
Miles Sanders,91.9
Marquise Brown,91
Tyler Bass,90.8
Najee Harris,90.7
Tyler Lockett,90.5
Christian Watson,90.2
George Pickens,90.1
Brian Robinson Jr.,89.3
Sam LaPorta,89.1
Adam Thielen,88.8
Christian Kirk,88.6
Trevor Lawrence,88.3
Nico Collins,88.3
Kyle Pitts,86.8
T.J. Edwards,86.7
Zay Flowers,86.6
Jakobi Meyers,86.2
Jordan Addison,85.9
Jerry Jeudy,85.8
Anthony Richardson,84.8
Courtland Sutton,84.3
T.J. Watt,83.7
Evan McPherson,82.9
Michael Thomas,82.3
Javonte Williams,82
Cole Kmet,82
Jerome Ford,81.7
Gabe Davis,80.7
Ernest Jones,80.2
Zack Moss,79.7
Bobby Wagner,79.6
Drake London,78.9
Brock Purdy,78.9
Khalil Herbert,78.3
Deshaun Watson,76.9
Dak Prescott,74.1
Fred Warner,73.4
Diontae Johnson,71.6
Tyler Higbee,69.8
Jake Moody,68.7
Maxx Crosby,68.3
Daniel Carlson,67.8
C.J. Mosley,67.1
Russell Wilson,67
Jahan Dotson,66.9
Bobby Okereke,66.8
Cam Akers,66.8
Micah Parsons,66.6
Tank Dell,66.1
AJ Dillon,66.1
Dalvin Cook,66
Jaylen Warren,65.2
Zach Ertz,64.4
David Njoku,63.6
Tremaine Edmunds,63.1
Jordan Love,62.9
Tutu Atwell,62.6
Jake Ferguson,61.5
C.J. Stroud,61.4
Geno Smith,60.4
Pat Freiermuth,59.5
Tyler Allgeier,59.1
Romeo Doubs,58.1
Dalton Schultz,57.5
Jaxon Smith-Njigba,57
Brandin Cooks,56.2
Nick Bosa,56.2
Jared Goff,56.2
Samaje Perine,55.5
Quay Walker,54.8
Terrel Bernard,54.4
Younghoe Koo,53.4
Odell Beckham Jr.,53.1
Gus Edwards,52.2
Derwin James Jr.,52.2
Graham Gano,51.6
Tyler Boyd,50.7
L'Jarius Sneed,50.5
Jevon Holland,50.2
Matt Gay,50.1
K.J. Osborn,49.8
Jaleel McLaughlin,49.3
Aaron Donald,49.2
Hunter Henry,48.8
Antonio Gibson,48.7
Daniel Jones,48
Skyy Moore,47.4
Divine Deablo,47
Dalton Kincaid,45.7
Treylon Burks,45.6
Minkah Fitzpatrick,44.8
Jamaal Williams,44.7
Jeff Wilson Jr.,44.7
Myles Garrett,44.3
Matthew Stafford,44.3
Elijah Moore,43.9
Jerick McKinnon,43.7
Nick Bolton,43.7
Quincy Williams,43.5
Shaquille Leonard,43.1
Josey Jewell,43
Brandon Aubrey,42.8
Alex Highsmith,42.7
Brett Maher,42.6
Joshua Palmer,42.3
Quentin Johnston,42.2
JuJu Smith-Schuster,42.1
Danielle Hunter,42
Roschon Johnson,42
Reed Blankenship,41.2
DJ Chark Jr.,41.1
Jason Myers,41
Ezekiel Elliott,40.8
Rondale Moore,39.9
Michael Gallup,39.9
Denzel Perryman,39.5
Darnell Mooney,39.3
Antoine Winfield Jr.,39.1
Jalen Pitre,37.5
Emari Demercado,37.4
Jameson Williams,36.9
Mike Williams,36.9
Kamren Curl,35.7
Zay Jones,35
Zach Charbonnet,34.9
Kyle Hamilton,34.9
Jessie Bates III,34.8
Brian Burns,34.6
Joshua Kelley,34.5
Joey Bosa,34
Jordyn Brooks,33.5
Kenneth Gainwell,33.2
Tyjae Spears,32.7
Nick Chubb,32.4
Azeez Al-Shaair,31.9
Alex Singleton,31.5
Patrick Queen,30.8
Dre Greenlaw,30.6
Aidan Hutchinson,30.5
Matt Prater,30.2
Cody Barton,30.1
Kareem Hunt,30
Rayshawn Jenkins,30
Devin Singletary,29.6
Christian Wilkins,29.6
Kyle Dugger,29
Matt Milano,28.9
Josh Allen,28.8
Joshua Dobbs,28.7
Elijah Mitchell,28.4
Justice Hill,27.6
Allen Lazard,26.8
Camryn Bynum,26.7
Richie Grant,26.6
Josh Reynolds,26.5
Gerald Everett,26.4
Kyzir White,26.4
Rashee Rice,26.2
Rashaad Penny,26
Logan Wilson,25.9
Matt Breida,25.4
Dax Hill,25.3
Jonathon Cooper,24.4
Riley Patterson,24.3
Harold Landry III,24.1
Logan Thomas,23.9
Budda Baker,23.6
Sam Hubbard,23.4
J.K. Dobbins,23.1
DeForest Buckner,22.8
Curtis Samuel,22.7
Kadarius Toney,22.4
Jayden Reed,22.4
Bradley Chubb,22.1
Sauce Gardner,22.1
Frankie Luvu,22.1
Kendrick Bourne,21.7
Khalil Mack,21.6
Robert Woods,21.6
Devin White,21.5
Chigoziem Okonkwo,21.4
Jason Sanders,21.4
Pete Werner,21.2
Jonathan Allen,21.1
Jordan Hicks,20.8
Luke Musgrave,20.2
Harrison Smith,20
Josh Downs,19.7
Zaven Collins,19.5
Devon Witherspoon,19.5
Michael Wilson,19.5
Talanoa Hufanga,19.3
Charvarius Ward,18.8
Haason Reddick,18.7
Sam Howell,18.6
DeShon Elliott,18.4
Xavier McKinney,18.2
Cameron Dicker,17.8
Chuba Hubbard,17.8
Jordan Whitehead,17.7
Kenny Pickett,17.7
Tyler Conklin,17.5
Brandon McManus,17.3
Chris Jones,17.2
De'Vondre Campbell,16.9
Robert Spillane,16.7
Daron Payne,16.7
Quinnen Williams,16.5
Harrison Phillips,16.4
Eddy Pineiro,16.3
Nate Hobbs,15.7
Baker Mayfield,15.7
Aaron Rodgers,15.6
Derrick Brown,15.2
Rashid Shaheed,15.2
Eddie Jackson,14.8
Jalen Thompson,14.8
Cameron Jordan,14.8
Derek Carr,14.6
Deommodore Lenoir,14.5
Kyler Murray,14.4
Dexter Lawrence II,14.3
Kayvon Thibodeaux,14.2
Juwan Johnson,14.2
Lavonte David,13.9
Jaelan Phillips,13.9
Marvin Mims Jr.,13.6
Ja'Whaun Bentley,13.3
Jaquan Brisker,13.1
Taron Johnson,13
Myles Bryant,12.9
Jeffery Simmons,12.9
Nick Folk,12.6
Eric Kendricks,12.5
Brandon Stephens,12.4
Montez Sweat,12.3
Trent McDuffie,12.3
Ed Oliver,12.3
K'Von Wallace,12.2
Adoree' Jackson,12.2
Jordan Fuller,12
Michael Hoecht,12
Jeremy Chinn,12
Germaine Pratt,12
Chase Young,11.7
Justin Simmons,11.7
Ka'imi Fairbairn,11.5
Jonnu Smith,11.4
Jimmy Garoppolo,11.2
Julian Love,11.1
Jabrill Peppers,10.9
Darius Slay,10.9
Kevin Byard,10.9
Ryan Neal,10.9
Kenny Moore II,10.9
Tank Bigsby,10.8
Cole Holcomb,10.8
Zach Sieler,10.7
Cairo Santos,10.7
Uchenna Nwosu,10.6
Dawson Knox,10.5
Will Anderson Jr.,10.5
Shaquil Barrett,10.4
D'Onta Foreman,10.3
Damien Harris,10.3
Jimmie Ward,10.3
Zach Wilson,10.3
Marshon Lattimore,10.2
Chase Claypool,9.9
Marquez Valdes-Scantling,9.9
Bryce Young,9.9
Matthew Judon,9.8
Grant Delpit,9.3
Parris Campbell,9.3
Jerry Jacobs,9
Byron Young,8.9
Jonathan Mingo,8.8
Cameron Heyward,8.7
Greg Zuerlein,8.6
Zach Allen,8.4
Demario Davis,8.4
Greg Dulcich,8.4
Hunter Renfrow,8.4
Hayden Hurst,8.3
Javon Hargrave,8.3
Jordan Poyer,8.2
Brian Branch,8.1
Chidobe Awuzie,7.9
Leighton Vander Esch,7.8
Carlton Davis III,7.8
Van Jefferson,7.6
Kendre Miller,7.6
Amani Hooker,7.4
Keisean Nixon,7.2
DeMarcus Lawrence,7.1
Jalen Carter,7
Greg Joseph,6.9
Josh Sweat,6.9
C.J. Gardner-Johnson,6.9
Jamin Davis,6.7
David Long Jr.,6.7
Isaiah Simmons,6.7
DaRon Bland,6.6
Josh Metellus,6.4
Kaden Elliss,6.4
Henry To'oTo'o,6.3
Mike Gesicki,6.3
D.J. Reed,6.2
Rasul Douglas,6.1
Cam Taylor-Britt,6.1
Clyde Edwards-Helaire,6
Latavius Murray,6
Dustin Hopkins,5.9
Sean Murphy-Bunting,5.8
Nicholas Morrow,5.7
Mac Jones,5.7
Alex Anzalone,5.7
BJ Hill,5.6
Darious Williams,5.6
Tyrann Mathieu,5.5
Jaire Alexander,5.5
Jamal Adams,5.5
Taysom Hill,5.4
Travon Walker,5.4
Rashod Bateman,5.4
Julian Blackmon,5.4
Wan'Dale Robinson,5.3
Calvin Austin III,5.3
Carl Granderson,5.2
Tyson Campbell,5.2
Keaton Mitchell,5.1
Pat Surtain II,5.1
Trey Hendrickson,5.1
Jeremiah Owusu-Koramoah,5
Devin Lloyd,5
Kader Kohou,5
DeVante Parker,4.9
Shaq Thompson,4.9
Denzel Ward,4.8
Marcus Williams,4.8
Kwity Paye,4.7
Zach Cunningham,4.7
Vonn Bell,4.7
Nakobe Dean,4.6
Marco Wilson,4.5
Ryan Tannehill,4.3
Jayron Kearse,4.2
Troy Andersen,4.1
Rudy Ford,4.1
Von Miller,4.1
Preston Smith,4
Irv Smith Jr.,4
Andre Cisco,4
Akayleb Evans,4
Rico Dowdle,3.9
Cobie Durant,3.9
Jerome Baker,3.8
Jalen Ramsey,3.8
Jack Campbell,3.8
Chris Boswell,3.8
Allen Robinson II,3.8
Desmond Ridder,3.7
Leonard Williams,3.7
Trevon Diggs,3.7
Marcus Maye,3.6
Tracy Walker III,3.6
Grady Jarrett,3.6
Tre'Davious White,3.6
Stephon Gilmore,3.6
Deuce Vaughn,3.5
Kenneth Murray Jr.,3.5
Kenny Clark,3.5
Grover Stewart,3.5
Jarran Reed,3.4
Dre'Mont Jones,3.4
Cordarrelle Patterson,3.4
Craig Reynolds,3.4
Evan Hull,3.4
Alohi Gilman,3.3
Marlon Humphrey,3.3
Darrick Forrest,3.2
Deon Jackson,3.1
Roger McCreary,3.1
Nik Bonitto,3.1
Christian Gonzalez,3.1
Kwon Alexander,3
Sebastian Joseph-Day,3
Braxton Berrios,3
Greg Rousseau,3
Micah McFadden,2.8
Chad Muma,2.8
Jonathan Greenard,2.8
A.J. Terrell,2.7
Anders Carlson,2.7
Nate Landman,2.6
Noah Fant,2.6
Mike Hilton,2.6
Jalin Hyatt,2.6
Donovan Peoples-Jones,2.6
Alontae Taylor,2.5
Isaiah Hodgins,2.5
Alec Pierce,2.5
Drue Tranquill,2.4
Riq Woolen,2.4
Michael Davis,2.4
Dallis Flowers,2.4
Za'Darius Smith,2.4
Jack Gibbens,2.4
Xavien Howard,2.3
Denico Autry,2.3
Ronnie Rivers,2.3
Rashan Gary,2.3
Justin Reid,2.3
Leonard Floyd,2.3
Wil Lutz,2.2
Vita Vea,2.2
Kamu Grugier-Hill,2.2
Dennis Gardeck,2.1
Jordan Davis,2.1
Isaiah Likely,2.1
Jonathan Jones,2
Donovan Wilson,2
Mike Hughes,2
George Karlaftis,2
Asante Samuel Jr.,2
Willie Gay,2
Nick Scott,2
Calais Campbell,2
Donald Parham Jr.,2
Jason Pinnock,2
Micah Hyde,2
Gardner Minshew,1.9
Keaontay Ingram,1.9
Tony Jones Jr.,1.9
Andrew Van Ginkel,1.8
Marvin Jones Jr.,1.8
Gary Brightwell,1.8
Lukas Van Ness,1.8
Ivan Pace Jr.,1.8
Damone Clark,1.8
Blake Grupe,1.8
Ty Chandler,1.7
Mike Danna,1.7
E.J. Speed,1.7
Marcus Jones,1.7
Derek Stingley Jr.,1.6
Cade Otton,1.6
Darius Slayton,1.6
Emmanuel Forbes,1.6
Kei'Trel Clark,1.6
Jaycee Horn,1.6
Ameer Abdullah,1.5
Jelani Woods,1.5
Osa Odighizuwa,1.5
Michael Mayer,1.5
Jadeveon Clowney,1.5
Damarri Mathis,1.5
Christian Harris,1.5
Marcus Epps,1.5
Kareem Jackson,1.4
Kendall Fuller,1.4
Anthony Walker Jr.,1.4
Yannick Ngakoue,1.4
Elandon Roberts,1.4
Charles Harris,1.4
John Metchie III,1.3
Darnell Savage,1.3
David Onyemata,1.3
Mecole Hardman Jr.,1.3
Durham Smythe,1.3
Krys Barnes,1.3
Tyquan Thornton,1.3
Kristian Fulton,1.2
Noah Gray,1.2
Deatrich Wise Jr.,1.2
James Bradberry,1.2
John Johnson III,1.2
Adrian Amos,1.2
Avonte Maddox,1.2
Zamir White,1.2
Byron Murphy Jr.,1.2
Levi Wallace,1.2
Randy Gregory,1.1
Salvon Ahmed,1.1
Joey Slye,1.1
Nick Westbrook-Ikhine,1.1
Tuli Tuipulotu,1.1
Terrell Edmunds,1.1
Tyree Wilson,1
Samson Ebukam,1
Odafe Oweh,1
Kerby Joseph,1
Tre Brown,1
Christian Rozeboom,1
Chase Edmonds,1
J.C. Jackson,1
Fletcher Cox,1
Justyn Ross,1
Brandon Powell,1
Drew Sanders,1
Patrick Peterson,0.9
Michael Carter,0.9
Roy Robertson-Harris,0.9
Jermaine Johnson,0.9
Jamel Dean,0.9
Kylen Granson,0.9
Trayveon Williams,0.9
Marcus Davenport,0.9
Kalif Raymond,0.8
Marcus Peters,0.8
Mack Hollins,0.8
Jordan Mason,0.8
Drake Jackson,0.8
Michael Pierce,0.8
JuJu Brents,0.8
Patrick Taylor,0.8
Quandre Diggs,0.8
Tyrel Dodson,0.8
Kyler Gordon,0.8
Arik Armstead,0.8
Justin Madubuike,0.8
Nolan Smith,0.8
Joey Porter Jr.,0.8
Leonard Fournette,0.7
Deonte Banks,0.7
Jahlani Tavai,0.7
Jonathan Owens,0.7
Derrick Barnes,0.7
Chase Brown,0.7
Tre'von Moehrig,0.7
Sean Tucker,0.7
Pierre Strong Jr.,0.7
Elijah Dotson,0.7
Nelson Agholor,0.6
Randall Cobb,0.6
Terrace Marshall Jr.,0.6
Brian Asamoah II,0.6
Isaiah McDuffie,0.6
Ahkello Witherspoon,0.6
Tom Brady,0.6
Chad Ryland,0.6
Davon Godchaux,0.6
Quinton Jefferson,0.6
Joe Tryon-Shoyinka,0.6
Devonte Wyatt,0.6
Shy Tuttle,0.6
Azeez Ojulari,0.6
Daiyan Henley,0.6
Justin Jones,0.6
Lorenzo Carter,0.6
Paulson Adebo,0.6
Jeff Okudah,0.6
Melvin Gordon III,0.6
Darnell Washington,0.6
A'Shawn Robinson,0.5
Josh Uche,0.5
Jonathan Ledbetter,0.5
Austin Johnson,0.5
Jack Sanborn,0.5
Damar Hamlin,0.5
DJ Reader,0.5
Chase McLaughlin,0.5
Tyrique Stevenson,0.5
Austin Hooper,0.5
Dorian Williams,0.5
Will McDonald IV,0.5
Russ Yeast,0.5
Derion Kendrick,0.5
Jameis Winston,0.5
Benjamin St-Juste,0.5
Raheem Blackshear,0.5
Myles Murphy,0.5
Felix Anudike-Uzomah,0.5
Malcolm Rodriguez,0.5
Sione Takitaki,0.5
D.J. Wonnum,0.5
Juan Thornhill,0.5
Bryan Cook,0.5
Khalen Saunders,0.5
Bud Dupree,0.5
Geno Stone,0.5
Dee Alford,0.5
Larry Ogunjobi,0.5
Adrian Phillips,0.5
Antonio Hamilton Sr.,0.5
Cameron Sutton,0.5
Jauan Jennings,0.5
Chandler Jones,0.5
Christian Izien,0.5
CJ Henderson,0.5
Frank Clark,0.5
Leo Chenal,0.4
Trey Palmer,0.4
David Ojabo,0.4
Tre Flowers,0.4
Trey McBride,0.4
Tyus Bowser,0.4
Trenton Irwin,0.4
Aidan O'Connell,0.4
Desmond King II,0.4
Deonte Harty,0.4
Xavier Woods,0.4
Alim McNeill,0.4
Ronald Jones,0.4
Zonovan Knight,0.4
Trenton Simpson,0.4
Tony Adams,0.4
Devin Bush,0.4
Malik Hooker,0.4
Trey Lance,0.4
Isaiah Spiller,0.4
Markquese Bell,0.4
Demario Douglas,0.4
Rodney Thomas II,0.4
Jaylon Johnson,0.4
Quez Watkins,0.4
AJ Epenesa,0.4
Brandon Graham,0.4
Mazi Smith,0.4
Sydney Brown,0.4
Tristan Vizcaino,0.4
Calijah Kancey,0.4
Mitch Trubisky,0.4
Jordan Battle,0.3
Blake Cashman,0.3
Justin Watson,0.3
Tashaun Gipson Sr.,0.3
Brandon Johnson,0.3
Bryan Bresee,0.3
Bilal Nichols,0.3
Luke Schoonmaker,0.3
Marte Mapu,0.3
Donte Jackson,0.3
Coby Bryant,0.3
Ronnie Bell,0.3
Deven Thompkins,0.3
Ke'Shawn Vaughn,0.3
Jonathan Harris,0.3
Jamal Agnew,0.3
Monty Rice,0.3
Dean Lowry,0.3
DaQuan Jones,0.3
Michael Carter II,0.3
Chris Brooks,0.3
DaVon Hamilton,0.3
Jamien Sherwood,0.3
Boye Mafe,0.3
Kyle Juszczyk,0.3
DeeJay Dallas,0.3
DeMarvion Overshown,0.3
Adam Trautman,0.3
Isaiah Oliver,0.3
Chuck Clark,0.3
Boston Scott,0.3
Justin Houston,0.3
Taylor Rapp,0.3
Sam Franklin Jr.,0.3
M.J. Stewart,0.3
Andy Dalton,0.3
Jimmy Graham,0.3
Brandon Jones,0.3
Yetur Gross-Matos,0.3
Darrell Taylor,0.3
Emmanuel Moseley,0.3
Chris Evans,0.3
Dayo Odeyingbo,0.3
D.J. Jones,0.3
Keanu Neal,0.3
Oren Burks,0.3
KaVontae Turpin,0.3
Jakorian Bennett,0.3
Mike Edwards,0.3
Rashaan Evans,0.3
Will Levis,0.3
Ogbo Okoronkwo,0.3
Sterling Shepard,0.3
Baron Browning,0.3
Dalvin Tomlinson,0.2
Nick Herbig,0.2
Lewis Cine,0.2
Josh Woods,0.2
Christian Elliss,0.2
Keion White,0.2
Ty Montgomery II,0.2
Kaiir Elam,0.2
Cedric Tillman,0.2
Martin Emerson Jr.,0.2
James Houston,0.2
Jerry Hughes,0.2
Dorance Armstrong,0.2
John Franklin-Myers,0.2
Christian Kirksey,0.2
Myles Jack,0.2
Justin Evans,0.2
Eli Apple,0.2
Shaquill Griffin,0.2
Kyle Trask,0.2
Dontayvion Wicks,0.2
Rodney McLeod,0.2
Kenyan Drake,0.2
Dane Jackson,0.2
Shelby Harris,0.2
Sam Darnold,0.2
Dorian Thompson-Robinson,0.2
Kene Nwangwu,0.2
Christian Barmore,0.2
Zach Evans,0.2
Dare Ogunbowale,0.2
Devin Duvernay,0.2
Emmanuel Ogbah,0.2
Lawrence Guy Sr.,0.2
Noah Sewell,0.2
Ronald Darby,0.2
Chris Rodriguez Jr.,0.2
Zack Baun,0.2
Greg Newsome II,0.2
Will Dissly,0.2
Jonathan Bullard,0.2
Christian Benford,0.2
Damontae Kazee,0.2
Akeem Davis-Gaither,0.2
Taylor Heinicke,0.2
Marcus Mariota,0.2
Michael Jackson,0.2
Arnold Ebiketie,0.2
Arden Key,0.2
Luke Masterson,0.2
BJ Ojulari,0.2
Hendon Hooker,0.2
Daniel Bellinger,0.2
DeMarcus Walker,0.2
Ezekiel Turner,0.2
Khalil Shakir,0.2
Morgan Fox,0.2
Mike White,0.2
Stetson Bennett,0.2
Terell Smith,0.2
Steven Nelson,0.2
Emanuel Wilson,0.2
Nick Niemann,0.2
Jacob Phillips,0.2
Eric Gray,0.2
Bobby McCain,0.2
John Jenkins,0.2
Malik Davis,0.2
Jalen Tolbert,0.2
Carl Lawson,0.2
Olamide Zaccheaus,0.2
Mack Wilson Sr.,0.2
Jartavius Martin,0.2
Myles Gaskin,0.2
Jacoby Brissett,0.2
Sam Williams,0.2
Dante Fowler Jr.,0.2
Keeanu Benton,0.2
Eric Stokes,0.1
Kayshon Boutte,0.1
Russell Gage,0.1
Raekwon Davis,0.1
Isaiah Foskey,0.1
Greg Gaines,0.1
Malik Harrison,0.1
Deion Jones,0.1
Jake Bobo,0.1
Justin Bethel,0.1
Markus Golden,0.1
Delarrin Turner-Yell,0.1
Derrick Nnadi,0.1
DeShawn Williams,0.1
Anthony McFarland Jr.,0.1
C.J. Uzomah,0.1
Israel Abanikanda,0.1
Tucker Kraft,0.1
Rob Gronkowski,0.1
Connor Heyward,0.1
Antonio Brown,0.1
Duke Riley,0.1
Ben Roethlisberger,0.1
Derick Hall,0.1
Cedrick Wilson Jr.,0.1
Blake Bell,0.1
Drew Ogletree,0.1
Bailey Zappe,0.1
Jake Browning,0.1
Dominique Robinson,0.1
Ji'Ayir Brown,0.1
Javon Kinlaw,0.1
Sheldon Rankins,0.1
Folorunso Fatukasi,0.1
Trent Sherfield,0.1
Laviska Shenault Jr.,0.1
Elijah Hicks,0.1
Teair Tart,0.1
Corey Davis,0.1
Owen Pappoe,0.1
Cory Littleton,0.1
Elijah Molden,0.1
Raheem Layne,0.1
Tyrod Taylor,0.1
J.J. Watt,0.1
Tavierre Thomas,0.1
Julius Chestnut,0.1
Nyheim Hines,0.1
Shaq Lawson,0.1
River Cracraft,0.1
Robbie Chosen,0.1
Trey Sermon,0.1
Mike Ford,0.1
Eric Wilson,0.1
Clelin Ferrell,0.1
Alec Ingold,0.1
Darrynton Evans,0.1
John Cominsky,0.1
Maliek Collins,0.1
Jaylen Watson,0.1
Ray-Ray McCloud III,0.1
Tyler Huntley,0.1
Foster Moreau,0.1
Josh Oliver,0.1
Richie James,0.1
Montravius Adams,0.1
Tershawn Wharton,0.1
Robert Tonyan,0.1
Rock Ya-Sin,0.1
Caden Sterns,0.1
Isaiah Buggs,0.1
Channing Tindall,0.1
Cade York,0.1
Equanimeous St. Brown,0.1
Tim Patrick,0.1
Hassan Haskins,0.1
Charlie Jones,0.1
Derek Barnett,0.1
Tae Davis,0.1
SirVocea Dennis,0.1
Bryce Hall,0.1
Leki Fotu,0.1
Brock Wright,0.1
Zane Gonzalez,0.1
Isaiah McKenzie,0.1
Ventrell Miller,0.1
Mykal Walker,0.1
Tre Herndon,0.1
Neville Gallimore,0.1
Gervon Dexter Sr.,0.1
Jordan Phillips,0.1
Jihad Ward,0.1
Cameron Thomas,0.1
Andrew Booth Jr.,0.1
Malik Willis,0.1
Xavier Gipson,0.1
JaMycal Hasty,0.1
Teddy Bridgewater,0.1
Rasheem Green,0.1
Brian Hoyer,0.1
Josh Jobe,0.1
Kenny McIntosh,0.1
Kyle Allen,0.1
Derius Davis,0.1
Kevin Harris,0.1
Romeo Okwara,0.1
Drew Lock,0.1
Dylan Cole,0.1
Ben Skowronek,0.1
Clayton Tune,0.1
Cooper Rush,0.1
T.J. Slaton,0.1
Corey Clement,0.1
Anthony Nelson,0.1
Tyler Scott,0.1
Jourdan Lewis,0.1
DJ Turner II,0.1
Tanner Brown,0.1
Jack Jones,0.1
Sean Clifford,0.1
Tyrion Davis-Price,0.1
Johnathan Hankins,0.1
Noah Brown,0.1
Amen Ogbongbemiga,0.1
Will Harris,0.1
Kelee Ringo,0.1
Peyton Hendershot,0.1
Mo Alie-Cox,0.1
Jack Stoll,0.1
Albert Okwuegbunam,0.1
James Robinson,0.1
Jerry Tillery,0.1
Poona Ford,0.1
K'Lavon Chaisson,0.1
David Mayo,0.1
Demetrius Flannigan-Fowles,0.1
Jordan Howden,0.1
Devin Harper,0.1
Cole Turner,0.1
Andrei Iosivas,0.1
Adrian Peterson,0.1
Josh Paschal,0.1
Troy Dye,0.1
Johnathan Abram,0.1
Darrell Baker Jr.,0.1
C.J. Ham,0.1
Kevin Strong,0.1
Broderick Washington,0.1
Victor Dimukeje,0.1
Trevis Gipson,0.1
K.J. Britt,0.1
Isaac Yiadom,0.1
Ja'Sir Taylor,0.1
Cam Smith,0.1
Chris Moore,0.1
Chris Naggar,0.1
Dyami Brown,0.1
Logan Hall,0.1
Taven Bryan,0.1
Al Woods,0.1
Micheal Clemons,0.1
Brandon Bolden,0.1
Nick Cross,0.1
DeAndre Carter,0.1
Mekhi Blackmon,0.1
Chandon Sullivan,0.1
Jarrett Stidham,0.1
Kyle Philips,0.1
Jalen Mills,0.1
Julio Jones,0.1
Troy Reeder,0.1
Matthew Adams,0.1
Jonah Williams,0.1
Solomon Thomas,0.1
Armon Watts,0.1
Harrison Bryant,0.1
Joseph Ossai,0.1
Kingsley Enagbare,0.1
Antonio Johnson,0.1
Tre Hawkins III,0.1
Riley Moss,0.1
David Long Jr.,0.1
Zyon McCollum,0.1
David Bell,0.1
Marquise Goodwin,0.1
Kobie Turner,0.1
Andrew Billings,0.1
Eric Murray,0.1
D'Ernest Johnson,0.1
Travis Homer,0.1
Tyson Bagent,0.1
Shaquille Quarterman,0.1
Zach Harrison,0.1
Tavius Robinson,0.1
Bobby Brown III,0.1
Isaac Rochell,0.1
Christopher Dunn,0.1
A.T. Perry,0.1
Samori Toure,0.1
Drew Sample,0.1
Jermar Jefferson,0.1
Raekwon McMillan,0.1
Segun Olubi,0.1
Greg Dortch,0.1
Jaylon Smith,0.1
Yaya Diaby,0.1
Nathan Shepherd,0.1
Nasir Adderley,0.1
Ambry Thomas,0.1
Noah Igbinoghene,0.1
Malik Cunningham,0.1
Kyle Van Noy,0.1
Brenton Strange,0.1
DeWayne McBride,0.1
Blaine Gabbert,0.1
Markus Bailey,0.1
Tyquan Lewis,0.1
Hunter Luepke,0.1
Ifeatu Melifonwu,0.1
Milton Williams,0.1
Zacch Pickens,0.1
Zach Carter,0.1
Velus Jones Jr.,0.1
Robbie Gould,0.1
Colby Parkinson,0.1
Gunner Olszewski,0.1
Demarcus Robinson,0.1
Erik Ezukanma,0.1
Tre Tucker,0.1
DeMarvin Leal,0.1
Jaylinn Hawkins,0.1
Adam Gotsis,0.1
John Bates,0.1
Trevor Siemian,0.1
Mason Crosby,0.1
Justin Shorter,0.1
Tyler Kroft,0.1
Darrian Beavers,0.1
Pat Jones II,0.1
Bryce Huff,0.1
Charles Omenihu,0.1
Chauncey Golston,0.1
Jordan Elliott,0.1
Travis Jones,0.1
Troy Hill,0.1
Joshua Williams,0.1
K'Waun Williams,0.1
Jeremy Ruckert,0.1
Cam Newton,0.1
Davis Mills,0.1
Josiah Deguara,0.1
Jack Cochrane,0.1
Mike Boone,0.1
Antoine Green,0.1
James Smith-Williams,0.1
Trey Flowers,0.1
Boogie Basham,0.1
Jason Brownlee,0.1
Kevin Givens,0.1
Malcolm Roach,0.1
Benito Jones,0.1
Malik Heath,0.1
Rodrigo Blankenship,0.1
Xavier Hutchinson,0.1
Khaleke Hudson,0.1
Jonas Griffith,0.1
Chris Board,0.1
Ben Niemann,0.1
Chazz Surratt,0.1
Mark Robinson,0.1
Pharaoh Brown,0.1
Payton Turner,0.1
Cam Sample,0.1
Patrick Ricard,0.1
Britain Covey,0.1
Darnay Holmes,0.1
Colby Wooden,0
William Gholston,0
Dee Delaney,0
Trace McSorley,0
Ross Dwelley,0
Jordan Akins,0
Reggie Gilliam,0
Luke Gifford,0
Brycen Hopkins,0
Le'Veon Bell,0
JT Woods,0
Easton Stick,0
Jaylon Jones,0
Tre' McKitty,0
Teagan Quitoriano,0
Nephi Sewell,0
Tony Fields II,0
Khari Blasingame,0
Nick Mullens,0
Tommy Tremble,0
Jonathan Kongbo,0
Erick Hallett II,0
Percy Butler,0
Kelvin Joseph,0
Dee Eskridge,0
Maurice Hurst II,0
Dee Winters,0
Malik Jefferson,0
Curtis Bolton,0
Miles Boykin,0
Scott Miller,0
Michael Burton,0
Parker Washington,0
Casey Toohill,0
Yasir Abdullah,0
Jose Ramirez,0
Rashad Weaver,0
Greg Stroman Jr.,0
Carrington Valentine,0
Ar'Darius Washington,0
Lil'Jordan Humphrey,0
Colt McCoy,0
Angelo Blackson,0
Mike Purcell,0
Michael Badgley,0
Zack Kuntz,0
Byron Pringle,0
Myjai Sanders,0
Ashtyn Davis,0
Andrew Wingard,0
Quintin Morris,0
Samuel Womack III,0
Max Duggan,0
Nik Needham,0
Nick Sciba,0
Dante Stills,0
Cameron Young,0
Keondre Coburn,0
A.J. Klein,0
Deneric Prince,0
James Mitchell,0
KJ Henry,0
Dareke Young,0
Dane Belton,0
Zach Pascal,0
Devin McCourty,0
Mitchell Wilcox,0
Amik Robertson,0
Caleb Farley,0
Ian Thomas,0
Danny Gray,0
Jalen Nailor,0
Raymond Vohasek,0
Carlos Watkins,0
Ta'Quon Graham,0
Karl Brooks,0
Tim Settle,0
Josh Tupou,0
Kurt Hinish,0
Jake Funk,0
Jabril Cox,0
Joe Bachie,0
Grant Stuard,0
Rakeem Nunez-Roches,0
Myles Adams,0
Desjuan Johnson,0
Ko Kieft,0
C.J. Beathard,0
Matt Corral,0
Jason Cabinda,0
Zach VanValkenburg,0
Dawuane Smoot,0
DJ Johnson,0
Mario Edwards Jr.,0
Brandon Hill,0
Jalen Brooks,0
Kendall Williamson,0
Tre Tomlinson,0
Fabian Moreau,0
Jalen Guyton,0
Brandon Facyson,0
KhaDarel Hodge,0
Jayon Brown,0
Jalen Reeves-Maybin,0
Hamsah Nasirildeen,0
Tyler Matakevich,0
Matthew Slater,0
Carter Coughlin,0
Levi Onwuzurike,0
Khyiris Tonga,0
Matt Henningsen,0
Byron Young,0
Nick Williams,0
Hunter Long,0
Jalen Reagor,0
Tanner McKee,0
Austin Seibert,0
Tre'Quan Smith,0
Johnny Mundt,0
Brevin Jordan,0
Brayden Thomas,0
Carl Nassib,0
Justin Hollins,0
Chamarri Conner,0
Juanyeh Thomas,0
Jay Ward,0
Arthur Maulet,0
Trent Taylor,0
Tae Crowder,0
Jeremiah Ledbetter,0
Naquan Jones,0
Mike Morris,0
Hassan Ridgeway,0
Isaiahh Loudermilk,0
Elliott Fry,0
Tim Jones,0
Skylar Thompson,0
John Kelly Jr.,0
Jason Pierre-Paul,0
Robert Quinn,0
Austin Bryant,0
DeMarquis Gates,0
Malik Herring,0
Patrick Johnson,0
TJ Carter,0
Logan Ryan,0
DeMarcco Hellams,0
Andre Chachere,0
Quentin Lake,0
Ryan Fitzpatrick,0
Derek Parish,0
Cor'Dale Flott,0
Danny Johnson,0
Bradley Roby,0
Dicaprio Bootle,0
Rachad Wildgoose,0
Lamar Jackson,0
Shaun Wade,0
Julian Hill,0
Charlie Kolar,0
Jakob Johnson,0
Binjimen Victor,0
Keith Smith,0
Chris Manhertz,0
Travis Bell,0
Abdullah Anderson,0
Earnest Brown IV,0
Marlon Tuipulotu,0
Demetrius Taylor,0
Otito Ogbonnia,0
Matt Dickerson,0
Mohamed Ibrahim,0
Jamison Crowder,0
Grant Calcaterra,0
Andrew Beck,0
Mason Rudolph,0
Carson Wentz,0
Luke Farrell,0
Nick Hampton,0
Malcolm Koonce,0
Chris Rumph II,0
Tanoh Kpassagnon,0
Israel Mukuamu,0
Lonnie Johnson Jr.,0
JL Skinner,0
Khari Willis,0
Joseph Ngata,0
Mario Goodrich,0
Troy Apke,0
Tre Avery,0
Isaiah Rodgers Sr.,0
PJ Walker,0
Charlie Woerner,0
Cameron Latu,0
Chase Cota,0
Jarrad Davis,0
D'Marco Jackson,0
Zaire Barnes,0
Amari Burney,0
Ihmir Smith-Marsette,0
Jalen Graham,0
Austin Watkins Jr.,0
Kristian Wilkerson,0
Bryce Perkins,0
Caleb Shudak,0
Jarvis Landry,0
Marcedes Lewis,0
Larrell Murchison,0
Kentavius Street,0
L.J. Collier,0
Phidarian Mathis,0
Jaquelin Roy,0
Daniel Ekuale,0
Tyler Lacy,0
Justin Jackson,0
Nathan Peterman,0
Roger Carter Jr.,0
Jaren Hall,0
Julian Okwara,0
Adetokunbo Ogundeji,0
Anfernee Jennings,0
Theo Jackson,0
George Odum,0
Tycen Anderson,0
Kerry Hyder Jr.,0
Josh Whyle,0
Micah Abernathy,0
Aaron Robinson,0
Jalen Davis,0
Essang Bassey,0
Damarion Williams,0
Kindle Vildor,0
Ryan Succop,0
Josh Gordon,0
Brandon Smith,0
Shaun Bradley,0
Justin Strnad,0
Jake Hansen,0
J.J. Russell,0
Trevon Wesco,0
Cole Beasley,0
Bryan Mone,0
Viliami Fehoko Jr.,0
Moro Ojomo,0
Neil Farrell,0
Keith Kirkwood,0
Rakim Jarrett,0
D'vonte Price,0
Chase Winovich,0
Tylan Wallace,0
Alex Wright,0
Ben DeLuca,0
Jerrick Reed II,0
Anthony Johnson Jr.,0
Cam Lewis,0
Chris Smith II,0
Lirim Hajrullahu,0
Derek Watt,0
Phillip Dorsett,0
Bryce Thompson,0
Nahshon Wright,0
Clark Phillips III,0
Tremon Smith,0
Tony Brown,0
Trayvon Mullen,0
James White,0
Josh Lambo,0
Grayland Arnold,0
David Moore,0
Cody Thompson,0
Armani Rogers,0
Blake Martinez,0
Nick Kwiatkoski,0
A.J. Green,0
Grant DuBose,0
Matt Barkley,0
Joe Flacco,0
Elijah Higgins,0
Eno Benjamin,0
Adam Prentice,0
Ndamukong Suh,0
C.J. Brewer,0
James Lynch,0
John Ridgeway,0
Brent Urban,0
Jay Tufele,0
Siaki Ika,0
Ben DiNucci,0
Da'Shawn Hand,0
Henry Anderson,0
Tanner Hudson,0
Davis Allen,0
Carlos Dunlap,0
Cam Gill,0
Kingsley Jonathan,0
Khalid Kareem,0
Landon Collins,0
Jeremy Reaves,0
Roderic Teamer,0
Dallin Leavitt,0
Mark Ingram II,0
Richard Sherman,0
Rashad Fenton,0
Artie Burns,0
Nick McCloud,0
Josh Blackwell,0
Josh Hayes,0
Cameron Mitchell,0
James Pierre,0
Ameer Speed,0
Brandin Echols,0
DJ Ivey,0
Lawrence Cager,0
Randy Bullock,0
Nick Bellore,0
Davion Taylor,0
Ryan Connelly,0
Miles Killebrew,0
Cameron McGrone,0
Baylon Spector,0
Darien Butler,0
J.J. Taylor,0
Sony Michel,0
Jeremiah Moon,0
James McCourt,0
Dax Milne,0
Will Mallory,0
Brandon Allen,0
John Ross,0
Jalen Dalton,0
Albert Huggins,0
Kyle Peko,0
Christopher Hinton,0
Scott Matlock,0
Brodric Martin,0
Josh Ali,0
Mike Greene,0
Rex Burkhead,0
John FitzPatrick,0
Taco Charlton,0
Sam Okuayinonu,0
Amare Barno,0
DeAngelo Malone,0
Michael Bennett,0
Luiji Vilain,0
Bunmi Rotimi,0
Brady Breeze,0
Nolan Turner,0
Michael Thomas,0
Jammie Robinson,0
Elijah Riley,0
Ty Johnson,0
Matt Ryan,0
Daryl Worley,0
Greedy Williams,0
Anthony Brown,0
Garrett Williams,0
Darius Rush,0
Jalyn Armour-Davis,0
Isaiah Bolden,0
Byron Jones,0
Keion Crossen,0
Jody Fortson,0
MyCole Pruitt,0
Laquon Treadwell,0
Anthony Brown,0
Chad Henne,0
Chris Blewitt,0
Connor Strachan,0
Joel Iyiegbuniwe,0
Cam Brown,0
Amari Rodgers,0
BJ Thompson,0
Nick Bawden,0
Jake Haener,0
Stanley Berryhill,0
Dan Arnold,0
Jonathan Williams,0
Sam Ehlinger,0
Mike Glennon,0
Devon Allen,0
Nick Foles,0
Cody Parkey,0
Darrell Henderson Jr.,0
Snoop Conner,0
Marlon Mack,0
Caleb Huntley,0
Kenny Golladay,0
Matt Ioannidis,0
Perrion Winfrey,0
John Penisini,0
Benning Potoa'e,0
Domenique Davis,0
Renell Wren,0
Eric Johnson II,0
Brandon Pili,0
Nick Thurman,0
Jaleel Johnson,0
D.J. Davidson,0
Josh Johnson,0
Colton Dowell,0
Montrell Washington,0
Tre Nixon,0
Kobe Jones,0
Ochaun Mathis,0
Marquis Haynes Sr.,0
Dylan Horton,0
Jake Martin,0
Isaiah McGuire,0
Efe Obada,0
Anthony Pittman,0
Nigel Warrior,0
Quindell Johnson,0
Verone McKinley III,0
Daniel Thomas,0
Isaiah Pola-Mao,0
Daniel Scott,0
Marquez Callaway,0
Amani Oruwariye,0
Robert Rochell,0
Khalil Dorsey,0
Zech McPhearson,0
Christian Holmes,0
Darrell Luter Jr.,0
Kris Boyd,0
Christian Matthew,0
Mac McCain III,0
Marvell Tell III,0
Ja'Quan McMillian,0
Siran Neal,0
Parry Nickerson,0
Deane Leonard,0
Montaric Brown,0
Myles Dorn,0
Cameron Dantzler Sr.,0
Josh Norman,0
Ja'Marcus Ingram,0
Kyu Kelly,0
Devonta Freeman,0
Case Keenum,0
Zander Horvath,0
Joe Schobert,0
Anthony Hitchens,0
Damien Wilson,0
Chandler Wooten,0
Buddy Johnson,0
Andre Carter II,0
Caleb Johnson,0
Nick Vigil,0
Nate Adkins,0
Jordan Evans,0
Anthony Barr,0
Ben Burr-Kirven,0
Del'Shawn Phillips,0
Elijah Cooks,0
Mitchell Tinsley,0
Chase Allen,0
Spencer Brown,0
Ashton Dulin,0
Tim Boyle,0
Carson Strong,0
Brayden Willis,0
Adam Humphries,0
Geoff Swaim,0
KJ Hamler,0
N'Keal Harry,0
Anthony Schwartz,0
La'Mical Perine,0
Eric Saubert,0
Kearis Jackson,0
Jonathan Garibay,0
Denzel Mims,0
T.Y. Hilton,0
Daniel Archibong,0
Akiem Hicks,0
T.Y. McGill,0
Prince Emili,0
Raymond Johnson III,0
Eyioma Uwazurike,0
Nesta Jade Silvera,0
Roy Lopez,0
Jayden Peevy,0
Penny Hart,0
Paul Quessenberry,0
Payne Durham,0
Jakeem Grant Sr.,0
Matthew Wright,0
Godwin Igwebuike,0
DaMarcus Mitchell,0
Pita Taumoepenu,0
De'Shaan Dixon,0
Shaka Toney,0
Anthony Harris,0
Sheldrick Redwine,0
Gavin Heslop,0
Eric Rowe,0
Mike Brown,0
Duron Harmon,0
Tariq Carpenter,0
Xavier Rhodes,0
Casey Hayward,0
Innis Gaines,0
Ugo Amadi,0
Thomas Graham Jr.,0
Jarrick Bernard-Converse,0
Javelin Guidry,0
Duke Shelley,0
Javaris Davis,0
Jaylon Jones,0
Simi Fehoko,0
Damien Williams,0
Brett Rypien,0
Aldrick Rosas,0
Chance Campbell,0
Mohamoud Diabate,0
Tanner Muse,0
David Johnson,0
Harvey Langi,0
Milo Eifler,0
A.J. Johnson,0
Neville Hewitt,0
Brandon Wright,0
Scotty Washington,0
Tyler Badie,0
Maurice Alexander,0
Kurt Benkert,0
Justin Rohrwasser,0
Lew Nichols,0
Wendell Smallwood,0
Kirk Merritt,0
Chris Conley,0
Stone Smartt,0
Sammy Watkins,0
Johnny Johnson III,0
Jared Cook,0
Chris Carson,0
Joe Reed,0
Mataeo Durant,0
Jesper Horsted,0
Dwayne Washington,0
Jalen Wydermyer,0
Dante Pettis,0
J.D. McKissic,0
Avery Williams,0
Sheldon Richardson,0
Jonathan Ford,0
LaCale London,0
Tommy Togiai,0
Thomas Booker IV,0
Austin Faoliu,0
LaBryan Ray,0
Roderick Perry II,0
Joe Gaziano,0
Khalil Davis,0
Adam Butler,0
Sam Roberts,0
Forrest Merrill,0
Curtis Brooks,0
Blake Jarwin,0
Jalen Virgil,0
Ian Book,0
DeSean Jackson,0
Will Grier,0
Braylon Sanders,0
Royce Freeman,0
Isaiah Thomas,0
Jesse Luketa,0
Robert Beal Jr.,0
Ryan Kerrigan,0
Jabari Zuniga,0
Ifeadi Odenigbo,0
Cameron Goode,0
Porter Gustin,0
Jeff Gunter,0
Joshua Onujiogu,0
Malcolm Jenkins,0
Ronnie Harrison Jr.,0
Tre Norwood,0
J.T. Gray,0
Jason Taylor II,0
P.J. Locke,0
Elijah Campbell,0
D'Anthony Bell,0
Myles Hartsfield,0
Nick Muse,0
Keith Taylor Jr.,0
Tariq Castro-Fields,0
Eric Scott Jr.,0
Corey Ballentine,0
Chris Claybrooks,0
Kevon Seymour,0
Gregory Junior,0
Nate Sudfeld,0
A.J. Bouye,0
BoPete Keyes,0
Ka'dar Hollman,0
Josh Adams,0
Matt Ammendola,0
Matt Bushman,0
Jared Bernhardt,0
Malcolm Smith,0
Jamie Collins Sr.,0
Benardrick McKinney,0
Nick Dzubnar,0
Joe Walker,0
Joe Jones,0
Micah Kiser,0
Jon Bostic,0
Nate Gerry,0
Arron Mosby,0
Andrew Dowell,0
Curtis Robinson,0
Chapelle Russell,0
Andre Smith,0
Shi Smith,0
Kwamie Lassiter II,0
Andy Isabella,0
Sam Sloman,0
Alex Kessman,0
Carlos Hyde,0
Quinn Nordin,0
Dominik Eberle,0
Ryan Santoso,0
O.J. Howard,0
Taylor Bertolet,0
Brian Johnson,0
Tucker McCann,0
Dez Fitzpatrick,0
Willie Snead IV,0
Kyle Rudolph,0
Ethan Fernea,0
Logan Woodside,0
Tyler Davis,0
Qadree Ollison,0
Devin Smith,0
Shane Buechele,0
Michael Woods II,0
Ethan Wolf,0
Danny Amendola,0
David Wells,0
J.J. Arcega-Whiteside,0
Hakeem Butler,0
Sutton Smith,0
Josh Rosen,0
Irvin Charles,0
Chris Oladokun,0
Jake Fromm,0
Ben Sims,0
Benny Snell Jr.,0
Lucas Krull,0
Larry Rountree III,0
Greg Ward,0
Zach Kerr,0
Star Lotulelei,0
Kingsley Keke,0
Antwaun Woods,0
Malcom Brown,0
Freedom Akinmoladun,0
Cedrick Lattimore,0
Linval Joseph,0
Donovan Jeter,0
Marquise Copeland,0
T.J. Carter,0
Matthew Butler,0
Jordon Riley,0
Timmy Horne,0
Breiden Fehoko,0
Elijah Garcia,0
Kendal Vickers,0
Marquan McCall,0
Malik McDowell,0
Marlon Davidson,0
David Bada,0
Ben Stille,0
Rashard Higgins,0
Quintez Cephus,0
Shane Zylstra,0
Darrel Williams,0
Zach Gentry,0
Jake Tonges,0
Dee Ford,0
James Vaughters,0
Kylie Fitts,0
Melvin Ingram,0
Elerson Smith,0
Terrell Lewis,0
Janarius Robinson,0
Keir Thomas,0
Tarell Basham,0
Quincy Roche,0
Daelin Hayes,0
Oshane Ximines,0
Tyreke Smith,0
Ronnie Perkins,0
Malik Reed,0
Wyatt Hubert,0
Kai Nacua,0
P.J. Williams,0
Chris Banjo,0
C.J. Moore,0
Tyler Coyle,0
Jaquan Johnson,0
Gervarrius Owens,0
Daniel Sorensen,0
Nazeeh Johnson,0
Ronnie Hickman,0
Matthias Farley,0
Dane Cruikshank,0
Zayne Anderson,0
Kellen Mond,0
Lamarcus Joyner,0
Deshazor Everett,0
Corn Elder,0
T.J. Green,0
John Reid,0
Jarren Williams,0
Mark Gilbert,0
Darren Hall,0
AJ Parker,0
Kyron Brown,0
Sidney Jones IV,0
Faion Hicks,0
Eli Ricks,0
D'Shawn Jamison,0
Kendall Sheffield,0
Cory Trice Jr.,0
Taiwan Jones,0
Danny Trevathan,0
Dont'a Hightower,0
Kenny Young,0
Tyrell Adams,0
Edmond Robinson,0
Daren Bates,0
Marcus Allen,0
Tanner Vallejo,0
Keandre Jones,0
Ty Summers,0
Travin Howard,0
Titus Leo,0
Kristian Welch,0
Sam Eguavoen,0
Thomas Incoom,0
Nakia Griffin-Stewart,0
Daylen Baldwin,0
D.J. Montgomery,0
Austin Walter,0
Alex Erickson,0
Lynn Bowden Jr.,0
Matt Sokol,0
Steven Sims,0
Kenny Yeboah,0
Kalen Ballage,0
Abram Smith,0
Cade Johnson,0
Giovanni Ricci,0
Feleipe Franks,0
Brittain Brown,0
Phillip Lindsay,0
Tavon Austin,0
Tyler Mabry,0
Isaiah Ford,0
Tom Kennedy,0
Ty'Son Williams,0
Racey McMath,0
Derrick Gore,0
Kendall Hinton,0
Zach Davidson,0
Patrick Laird,0
James Washington,0
Giovani Bernard,0
T.J. Vasher,0
Anthony Gordon,0
Isaiah Zuber,0
Reid Sinnett,0
Jeremy Sprinkle,0
Tommy Sweeney,0
Marquez Stevenson,0
Antonio Gandy-Golden,0
KeeSean Johnson,0
Devin Asiasi,0
Bryan Edwards,0
Breshad Perriman,0
Parker Hesse,0
David Blough,0
Malcolm Brown,0
Tarik Black,0
Mike Thomas,0
Austin Trammell,0
James O'Shaughnessy,0
Marcus Kemp,0
Tyree Jackson,0
Jack Doyle,0
Dontrell Hilliard,0
Ryan Griffin,0
Duke Johnson,0
Demetric Felton Jr.,0
Chase Daniel,0
Tevin Coleman,0
William Fuller V,0
Ryan Griffin,0
Jeff Driskel,0
Cole McDonald,0
Emmanuel Sanders,0
Cethan Carter,0
Troy Hairston,0
Tay Martin,0
Trishton Jackson,0
Tanner Conner,0
Dennis Houston,0
Mike Davis,0
Pharoh Cooper,0
Seth Williams,0
Lance McCutcheon,0
Ricky Seals-Jones,0
Thaddeus Moss,0
Andy Janovich,0
Nikola Kalinic,0
Stephen Sullivan,0
Brady Russell,0
Javon Wims,0
Alex Armah,0
Chris Streveler,0
Dillon Stoner,0
Damarea Crockett,0
Brian Hill,0
Chris Hogan,0
Jake Luton,0
Kevin Hogan,0
Trey Edmunds,0
Jason Huntley,0
James Proche II,0
Kyric McGowan,0
Mike Daniels,0
Kahlil McKenzie,0
Woodrow Hamilton IV,0
Xavier Williams,0
Daviyon Nixon,0
Brandon Williams,0
Amani Bledsoe,0
Chris Wormley,0
Bravvion Roy,0
Andrew Brown,0
Sheldon Day,0
Raequan Williams,0
Quinton Bohanna,0
T.J. Smith,0
Trysten Hill,0
Danny Shelton,0
Bruce Hector,0
Tanzel Smart,0
Marquiss Spencer,0
Jonathan Marshall,0
Michael Dwumfour,0
Jordan Jackson,0
Josiah Bronson,0
David Moa,0
Kalia Davis,0
Deadrin Senat,0
Eddie Goldman,0
Henry Mondeaux,0
Tyler Shelvin,0
Isaiah Mack,0
Eli Ankou,0
Taylor Stallworth,0
Jaret Patterson,0
Tyrie Cleveland,0
Devine Ozigbo,0
Chester Rogers,0
Juwann Winfree,0
Garrett Gilbert,0
Trestan Ebner,0
Ben Ellefson,0
Whitney Mercilus,0
Kyler Fackrell,0
Brennan Scarlett,0
Cassius Marsh,0
Devon Kennard,0
Jacob Tuioti-Mariner,0
Joe Jackson,0
Josh Mauro,0
Eddie Yarbrough,0
Lerentee McCray,0
Andre Anthony,0
Mario Addison,0
Jordan Jenkins,0
Hamilcar Rashed,0
Al-Quadin Muhammad,0
Kameron Cline,0
Jordan Smith,0
Joshua Kaindoh,0
Will Bradley-King,0
Kyle Phillips,0
Andre Jones Jr.,0
Demone Harris,0
Bradlee Anae,0
Genard Avery,0
Jamir Jones,0
Darryl Johnson,0
Tarron Jackson,0
Sam Kamara,0
Cameron Malveaux,0
Jeff Heath,0
Jason McCourty,0
Terrence Brooks,0
Sharrod Neasman,0
Jahleel Addae,0
Nate Ebner,0
Brandon Wilson,0
Ross Travis,0
Deionte Thompson,0
Andrew Adams,0
Cullen Gillaspia,0
James Wiggins,0
Bo Melton,0
Tyler Johnson,0
Sean Chandler,0
Tarvarius Moore,0
Henry Black,0
Richard LeCounte III,0
Cody Davis,0
Kavon Frazier,0
Jordan Richards,0
Tyree Gillespie,0
Mason Kinsey,0
Teez Tabor,0
Janoris Jenkins,0
Joe Haden,0
Parnell Motley,0
Ross Cockrell,0
Mazzi Wilkins,0
Chris Harris Jr.,0
Justin Layne,0
Justin Coleman,0
Grant Haley,0
Saivion Smith,0
Breon Borders,0
Herb Miller,0
Rodarius Williams,0
Zyon Gilbert,0
Duke Dawson,0
Michael Jacquet,0
Trill Williams,0
Allan George,0
